{
  "dfe": [
    {
      "name": "root",
      "parent": "",
      "type": "container",
      "_get": "$$('policy')",
      "dpos": {}
    },
    {
      "name": "r1",
      "parent": "root",
      "type": "div-flex",
      "_get": "$$('.transaction')",
      "attributes": "{class : 'div-flex-h', orientation: 'horizontal', rowclass : 'div-flex-row-h'}",
      "tpos": {
        "x": 0,
        "y": 0
      }
    },
    {
      "name": "ed1",
      "parent": "r1",
      "type": "editbox",
      "_get": "$$('.timestamp')",
      "dpos": {
        "colclass": "div-flex-col"
      }
    },
    {
      "name": "f1",
      "parent": "r1",
      "type": "label",
      "_get": "'Ft1'",
      "class": "footer",
      "dpos": {
        "colclass": "div-flex-col"
      }
    },
    {
      "name": "f2",
      "parent": "r1",
      "type": "label",
      "_get": "'Ft2'",
      "class": "footer",
      "dpos": {
        "colclass": "div-flex-col"
      }
    },
    {
      "name": "h1",
      "parent": "r1",
      "type": "label",
      "_get": "'Quote Id'",
      "class": "header",
      "dpos": {
        "colclass": "div-flex-col"
      }
    },
    {
      "name": "h2",
      "parent": "r1",
      "type": "label",
      "_get": "'Quote Id2'",
      "class": "header",
      "dpos": {
        "colclass": "div-flex-col"
      }
    },
    {
      "name": "but",
      "parent": "r1",
      "type": "button",
      "_get": "'X'",
      "_set": "$$.detach()",
      "dpos": {
        "colclass": "div-flex-col"
      }
    }
  ]
}